ID,Var,Plot,Pop,Add,Garden,OrigSize,Flow14,FlowNo14,Dayofyear14,Alive14,Size14,Flow15,FlowNo15,Dayofyear15,Alive15,Size15,Flow16,FlowNo16,Dayofyear16,Alive16,Size16
1B,Northern,A,H,1,TARTU,0.294,0,0,0,1,0,0,0,0,1,2.359,0,0,0,0,0
3B,Northern,A,H,1,TARTU,0.062,0,0,0,0,0,0,0,0,0,0,0,0,0,0,0
4B,Northern,A,K,1,TARTU,0.123,0,0,0,0,0,0,0,0,0,0,0,0,0,0,0
5B,Southern,A,E,1,TARTU,0.271,0,0,0,0,0,0,0,0,0,0,0,0,0,0,0
6B,Southern,A,E,1,TARTU,8.635,0,0,0,0,0,0,0,0,0,0,0,0,0,0,0
7B,Southern,A,B,1,TARTU,4.278,0,0,0,1,8.5,1,6,134,1,24.102,1,10,130,1,3.574
8B,Southern,A,B,1,TARTU,7.385,0,0,0,1,13.307,0,0,0,1,9.086,0,0,0,1,1.503
9B,Northern,A,I,1,TARTU,0.111,0,0,0,0,0,0,0,0,0,0,0,0,0,0,0
11B,Northern,A,H,1,TARTU,0.109,0,0,0,0,0,0,0,0,0,0,0,0,0,0,0
12B,Southern,A,C,1,TARTU,3.611,1,2,127,1,0,0,0,0,0,0,0,0,0,0,0
13B,Northern,A,F,1,TARTU,0.173,1,2,0,1,0,0,0,0,0,0,0,0,0,0,0
14B,Southern,A,C,1,TARTU,15.982,1,2,142,1,8.307,1,1,138,1,13.494,1,12,130,1,19.236
15B,Northern,A,K,1,TARTU,0.231,0,0,0,0,0,0,0,0,0,0,0,0,0,0,0
16B,Northern,A,I,1,TARTU,0.031,0,0,0,0,0,0,0,0,0,0,0,0,0,0,0
17B,Southern,A,C,1,TARTU,3.323,0,0,0,0,0,0,0,0,0,0,0,0,0,0,0
19B,Southern,A,C,1,TARTU,0.644,0,0,0,0,0,0,0,0,0,0,0,0,0,0,0
20B,Northern,A,F,1,TARTU,0.234,0,0,0,0,0,0,0,0,0,0,0,0,0,0,0
21B,Northern,A,K,1,TARTU,0.025,0,0,0,0,0,0,0,0,0,0,0,0,0,0,0
22B,Southern,A,B,1,TARTU,0.24,0,0,0,0,0,0,0,0,0,0,0,0,0,0,0
24B,Southern,A,B,1,TARTU,0.234,0,0,0,0,0,0,0,0,0,0,0,0,0,0,0
25B,Southern,A,E,1,TARTU,0.888,0,0,0,0,0,0,0,0,0,0,0,0,0,0,0
27B,Southern,A,C,1,TARTU,1.026,0,0,0,0,0,0,0,0,0,0,0,0,0,0,0
28B,Southern,A,B,1,TARTU,0.225,0,0,0,0,0,0,0,0,0,0,0,0,0,0,0
29B,Southern,A,C,1,TARTU,1.282,0,0,0,0,0,0,0,0,0,0,0,0,0,0,0
31B,Southern,B,C,1,TARTU,8.435,1,4,136,1,25.071,1,13,135,1,42.154,1,8,132,1,39.513
32B,Southern,B,C,1,TARTU,2.329,0,0,0,1,22.927,1,11,134,1,41.324,1,12,130,1,8.361
37B,Northern,B,F,1,TARTU,0.077,0,0,0,0,0,0,0,0,0,0,0,0,0,0,0
39B,Northern,B,K,1,TARTU,0.4,0,0,0,0,0,0,0,0,0,0,0,0,0,0,0
41B,Northern,B,I,1,TARTU,0.038,0,0,0,0,0,0,0,0,0,0,0,0,0,0,0
42B,Northern,B,F,1,TARTU,0.118,0,0,0,0,0,0,0,0,0,0,0,0,0,0,0
43B,Northern,B,I,1,TARTU,0.053,0,0,0,0,0,0,0,0,0,0,0,0,0,0,0
44B,Northern,B,H,1,TARTU,0.229,0,0,0,1,0.214,0,0,0,0,0,0,0,0,0,0
45B,Southern,B,E,1,TARTU,3.85,1,1,139,1,14.141,1,13,135,1,30.459,1,9,132,1,4.874
48B,Southern,B,C,1,TARTU,0.664,0,0,0,1,9.734,1,7,136,1,8.716,0,0,0,0,0
52B,Southern,B,B,1,TARTU,0.384,0,0,0,1,0.848,0,0,0,1,3.283,0,0,0,0,0
55B,Southern,B,C,1,TARTU,2.46,0,0,0,1,9.867,1,17,134,1,8.458,0,0,0,1,0.854
58B,Southern,B,B,1,TARTU,0.144,0,0,0,1,0.112,0,0,0,0,0,0,0,0,0,0
59B,Southern,B,B,1,TARTU,7.824,1,4,136,1,24.634,1,2,138,1,0.484,0,0,0,0,0
60B,Northern,C,K,1,TARTU,0.055,0,0,0,0,0,0,0,0,0,0,0,0,0,0,0
61B,Northern,C,K,1,TARTU,0.338,0,0,0,0,0,0,0,0,0,0,0,0,0,0,0
62B,Northern,C,F,1,TARTU,0.152,0,0,0,0,0,0,0,0,0,0,0,0,0,0,0
63B,Southern,C,B,1,TARTU,3.421,0,0,0,0,0,0,0,0,0,0,0,0,0,0,0
64B,Northern,C,H,1,TARTU,0.044,0,0,0,0,0,0,0,0,0,0,0,0,0,0,0
65B,Southern,C,B,1,TARTU,0.166,0,0,0,0,0,0,0,0,0,0,0,0,0,0,0
67B,Northern,C,H,1,TARTU,0.075,0,0,0,0,0,0,0,0,0,0,0,0,0,0,0
68B,Southern,C,E,1,TARTU,8.579,0,0,0,1,1.61,0,0,0,0,0,0,0,0,0,0
69B,Northern,C,F,1,TARTU,0.066,0,0,0,0,0,0,0,0,0,0,0,0,0,0,0
71B,Southern,C,C,1,TARTU,1.302,0,0,0,0,0,0,0,0,0,0,0,0,0,0,0
72B,Southern,C,B,1,TARTU,0.077,0,0,0,1,0,0,0,0,0,0,0,0,0,0,0
73B,Southern,C,C,1,TARTU,6.258,0,0,0,1,0,0,0,0,0,0,0,0,0,0,0
74B,Northern,C,K,1,TARTU,0.116,0,0,0,0,0,0,0,0,0,0,0,0,0,0,0
75B,Northern,C,H,1,TARTU,0.167,0,0,0,0,0,0,0,0,0,0,0,0,0,0,0
76B,Northern,C,I,1,TARTU,0.271,0,0,0,0,0,0,0,0,0,0,0,0,0,0,0
77B,Northern,C,K,1,TARTU,0.179,0,0,0,0,0,0,0,0,0,0,0,0,0,0,0
78B,Southern,C,E,1,TARTU,1.746,1,2,127,1,4.965,0,0,0,0,0,0,0,0,0,0
80B,Southern,C,E,1,TARTU,5.997,1,3,127,1,0,0,0,0,0,0,0,0,0,0,0
81B,Northern,C,I,1,TARTU,0.207,0,0,0,0,0,0,0,0,0,0,0,0,0,0,0
82B,Southern,C,B,1,TARTU,2.31,0,0,0,0,0,0,0,0,0,0,0,0,0,0,0
83B,Southern,C,C,1,TARTU,0.057,0,0,0,0,0,0,0,0,0,0,0,0,0,0,0
84B,Northern,C,H,1,TARTU,0.225,0,0,0,0,0,0,0,0,0,0,0,0,0,0,0
85B,Southern,C,B,1,TARTU,0.163,0,0,0,0,0,0,0,0,0,0,0,0,0,0,0
86B,Southern,C,C,1,TARTU,7.162,0,0,0,0,0,0,0,0,0,0,0,0,0,0,0
88B,Northern,C,I,1,TARTU,0.216,0,0,0,0,0,0,0,0,0,0,0,0,0,0,0
89B,Southern,C,C,1,TARTU,0.097,0,0,0,0,0,0,0,0,0,0,0,0,0,0,0
90B,Northern,C,F,1,TARTU,0.131,0,0,0,0,0,0,0,0,0,0,0,0,0,0,0
92B,Northern,D,G,1,HELSINKI,0.139,0,0,0,0,0,0,0,0,0,0,0,0,0,0,0
93B,Northern,D,G,1,HELSINKI,0.368,0,0,0,0,0,0,0,0,0,0,0,0,0,0,0
97B,Northern,D,I,1,HELSINKI,0.064,0,0,0,0,0,0,0,0,0,0,0,0,0,0,0
98B,Northern,D,I,1,HELSINKI,0.059,0,0,0,0,0,0,0,0,0,0,0,0,0,0,0
100B,Northern,D,I,1,HELSINKI,0.022,0,0,0,0,0,0,0,0,0,0,0,0,0,0,0
105B,Northern,D,G,1,HELSINKI,0.711,0,0,0,0,0,0,0,0,0,0,0,0,0,0,0
107B,Northern,D,G,1,HELSINKI,1.013,0,0,0,0,0,0,0,0,0,0,0,0,0,0,0
109B,Northern,D,G,1,HELSINKI,0.394,0,0,0,0,0,0,0,0,0,0,0,0,0,0,0
118B,Northern,D,G,1,HELSINKI,0.148,0,0,0,1,0,0,0,0,1,0,0,0,0,1,0.59
128B,Northern,E,G,1,HELSINKI,0.163,0,0,0,1,0.216,0,0,0,0,0,0,0,0,0,0
129B,Northern,E,G,1,HELSINKI,0.226,0,0,0,0,0,0,0,0,0,0,0,0,0,0,0
137B,Northern,E,I,1,HELSINKI,1.044,0,0,0,1,0.787,0,0,0,0,0,0,0,0,0,0
138B,Northern,E,G,1,HELSINKI,0.095,0,0,0,0,0,0,0,0,0,0,0,0,0,0,0
141B,Northern,E,G,1,HELSINKI,0.122,0,0,0,0,0,0,0,0,0,0,0,0,0,0,0
146B,Northern,E,I,1,HELSINKI,0.077,0,0,0,0,0,0,0,0,0,0,0,0,0,0,0
150B,Northern,E,G,1,HELSINKI,0.23,0,0,0,0,0,0,0,0,0,0,0,0,0,0,0
153B,Northern,F,K,1,HELSINKI,0.151,0,0,0,0,0,0,0,0,0,0,0,0,0,0,0
163B,Northern,F,G,1,HELSINKI,0.188,0,0,0,1,1.193,0,0,0,0,0,0,0,0,0,0
165B,Northern,F,G,1,HELSINKI,0.197,0,0,0,1,0.369,0,0,0,1,0.923,0,0,0,0,0
171B,Northern,F,I,1,HELSINKI,0.273,0,0,0,1,0.547,0,0,0,1,0.079,1,1,1,1,0.769
174B,Northern,F,G,1,HELSINKI,0.246,0,0,0,0,0,0,0,0,0,0,0,0,0,0,0
176B,Northern,F,I,1,HELSINKI,0.244,0,0,0,1,0,0,0,0,1,0,0,0,0,1,4.596
177B,Northern,F,G,1,HELSINKI,0.217,0,0,0,1,0,0,0,0,0,0,0,0,0,0,0
179B,Northern,F,G,1,HELSINKI,0.63,0,0,0,0,0,0,0,0,0,0,0,0,0,0,0
182B,Northern,G,J,1,RAUMA,0.064,0,0,0,1,0.173,0,0,0,0,0,0,0,0,0,0
184B,Northern,G,I,1,RAUMA,0.805,0,0,0,1,0.384,1,3,145,1,0,0,0,0,1,0.876
187B,Southern,G,C,1,RAUMA,0.445,0,0,0,1,0.468,0,0,0,0,0,0,0,0,0,0
188B,Southern,G,C,1,RAUMA,16.855,0,0,0,0,0,0,0,0,0,0,0,0,0,0,0
198B,Northern,G,I,1,RAUMA,0.1,0,0,0,0,0,0,0,0,0,0,0,0,0,0,0
203B,Northern,G,J,1,RAUMA,0.105,0,0,0,0,0,0,0,0,0,0,0,0,0,0,0
204B,Northern,G,I,1,RAUMA,0.161,0,0,0,1,0.078,0,0,0,0,0,0,0,0,0,0
210B,Northern,G,I,1,RAUMA,0.214,0,0,0,1,0.09,0,0,0,0,0,0,0,0,0,0
213B,Southern,H,C,1,RAUMA,1.5,0,0,0,0,0,0,0,0,0,0,0,0,0,0,0
216B,Southern,H,C,1,RAUMA,10.84,0,0,0,0,0,0,0,0,0,0,0,0,0,0,0
217B,Northern,H,J,1,RAUMA,0.774,0,0,0,0,0,0,0,0,0,0,0,0,0,0,0
218B,Northern,H,I,1,RAUMA,0.051,0,0,0,0,0,0,0,0,0,0,0,0,0,0,0
219B,Southern,H,C,1,RAUMA,11.215,0,0,0,0,0,0,0,0,0,0,0,0,0,0,0
223B,Southern,H,E,1,RAUMA,10.641,1,2,0,1,12.921,1,9,138,1,1.94,0,0,0,1,2.459
224B,Northern,H,I,1,RAUMA,0.417,0,0,0,0,0,0,0,0,0,0,0,0,0,0,0
225B,Northern,H,I,1,RAUMA,0.139,0,0,0,0,0,0,0,0,0,0,0,0,0,0,0
229B,Northern,H,H,1,RAUMA,0.02,0,0,0,0,0,0,0,0,0,0,0,0,0,0,0
230B,Southern,H,B,1,RAUMA,0.416,0,0,0,1,0.215,0,0,0,0,0,0,0,0,0,0
237B,Northern,H,J,1,RAUMA,0.105,0,0,0,0,0,0,0,0,0,0,0,0,0,0,0
238B,Southern,H,C,1,RAUMA,1.353,0,0,0,0,0,0,0,0,0,0,0,0,0,0,0
240B,Southern,H,E,1,RAUMA,3.719,0,0,0,1,8.128,0,0,0,1,1.543,0,0,0,0,0
241B,Southern,I,C,1,RAUMA,0.324,0,0,0,0,0,0,0,0,0,0,0,0,0,0,0
242B,Northern,I,I,1,RAUMA,0.014,0,0,0,0,0,0,0,0,0,0,0,0,0,0,0
245B,Southern,I,B,1,RAUMA,0.136,0,0,0,0,0,0,0,0,0,0,0,0,0,0,0
248B,Northern,I,I,1,RAUMA,1.19,0,0,0,0,0,0,0,0,0,0,0,0,0,0,0
249B,Southern,I,C,1,RAUMA,13.681,0,0,0,1,6.849,1,6,142,1,12.932,1,6,137,1,0
250B,Northern,I,I,1,RAUMA,0.114,0,0,0,0,0,0,0,0,0,0,0,0,0,0,0
253B,Southern,I,C,1,RAUMA,0.325,0,0,0,1,0.318,0,0,0,1,0.658,0,0,0,1,0.858
255B,Southern,I,C,1,RAUMA,18.159,0,0,0,0,0,0,0,0,0,0,0,0,0,0,0
257B,Southern,I,C,1,RAUMA,0.027,0,0,0,0,0,0,0,0,0,0,0,0,0,0,0
260B,Northern,I,J,1,RAUMA,0.222,0,0,0,0,0,0,0,0,0,0,0,0,0,0,0
265B,Southern,I,B,1,RAUMA,0.107,0,0,0,0,0,0,0,0,0,0,0,0,0,0,0
266B,Northern,I,J,1,RAUMA,0.114,0,0,0,0,0,0,0,0,0,0,0,0,0,0,0
267B,Northern,I,H,1,RAUMA,0.701,0,0,0,0,0,0,0,0,0,0,0,0,0,0,0
268B,Southern,I,E,1,RAUMA,20.197,1,11,141,1,7.134,0,0,0,1,20.906,1,11,137,1,14.332
269B,Southern,I,E,1,RAUMA,12.501,1,5,139,1,6.623,0,0,0,1,15.707,1,9,134,1,6.327
270B,Southern,I,C,1,RAUMA,12.463,1,3,137,1,6.577,0,0,0,1,17.362,0,0,0,1,0.403
375B,Northern,M,I,1,OULU,0.059,0,0,0,0,0,0,0,0,0,0,0,0,0,0,0
398B,Northern,N,G,1,OULU,0.272,0,0,0,1,0.244,0,0,0,1,0.544,0,0,0,1,0.082
402B,Northern,N,I,1,OULU,0.102,0,0,0,1,0,0,0,0,1,0,0,0,0,1,0.578
414B,Northern,N,G,1,OULU,0.138,0,0,0,1,0.153,0,0,0,1,0.22,0,0,0,0,0
417B,Southern,N,A,1,OULU,0.444,0,0,0,0,0,0,0,0,0,0,0,0,0,0,0
427B,Southern,O,C,1,OULU,7.568,0,0,0,0,0,0,0,0,0,0,0,0,0,0,0
428B,Northern,O,I,1,OULU,0.246,0,0,0,0,0,0,0,0,0,0,0,0,0,0,0
437B,Southern,O,A,1,OULU,0.347,0,0,0,1,1.113,0,0,0,1,1.74,0,0,0,1,1.111
439B,Northern,O,G,1,OULU,0.188,0,0,0,1,0.082,0,0,0,1,0,0,0,0,1,0.091
441B,Northern,O,G,1,OULU,0.32,0,0,0,0,0,0,0,0,0,0,0,0,0,0,0
445B,Northern,O,F,1,OULU,0.252,0,0,0,1,0.099,0,0,0,0,0,0,0,0,0,0
456B,Northern,P,F,1,SVANVIK,0.297,0,0,0,0,0,0,0,0,0,0,0,0,0,0,0
457B,Southern,P,C,1,SVANVIK,0.236,0,0,0,1,5.019,0,0,0,1,6.298,0,0,0,1,1.641
469B,Northern,P,H,1,SVANVIK,0.629,0,0,0,1,0,0,0,0,1,2.947,1,3,154,1,2.024
471B,Southern,P,E,1,SVANVIK,1.073,0,0,0,1,16.073,0,0,0,1,3.053,1,2,152,1,1.07
490B,Northern,Q,F,1,SVANVIK,0.774,0,0,0,0,0,0,0,0,0,0,0,0,0,0,0
494B,Southern,Q,E,1,SVANVIK,0.573,0,0,0,1,4.697,1,2,0,1,0,1,1,1,1,0.812
500B,Southern,Q,E,1,SVANVIK,0.722,0,0,0,0,0,0,0,0,0,0,0,0,0,0,0
511B,Southern,R,E,1,SVANVIK,0.343,0,0,0,1,0.669,0,0,0,1,0.882,0,0,0,1,1.473
512B,Northern,R,F,1,SVANVIK,0.511,0,0,0,0,0,0,0,0,0,0,0,0,0,0,0
513B,Northern,R,G,1,SVANVIK,0.36,0,0,0,1,0.752,0,0,0,1,0.299,0,0,0,1,0.518
527B,Southern,R,B,1,SVANVIK,0.366,0,0,0,1,0,0,0,0,1,2.794,1,2,151,1,2.987
531B,Northern,R,G,1,SVANVIK,1.837,0,0,0,1,3.709,0,0,0,1,6.12,1,1,154,1,2.555
538B,Northern,R,F,1,SVANVIK,0.092,0,0,0,0,0,0,0,0,0,0,0,0,0,0,0
1,Northern,A,F,0,TARTU,0.069,0,0,0,0,0,0,0,0,0,0,0,0,0,0,0
2,Northern,A,H,0,TARTU,0.082,0,0,0,0,0,0,0,0,0,0,0,0,0,0,0
3,Southern,A,C,0,TARTU,0.35,0,0,0,0,0,0,0,0,0,0,0,0,0,0,0
4,Southern,A,E,0,TARTU,0.293,0,0,0,0,0,0,0,0,0,0,0,0,0,0,0
5,Southern,A,E,0,TARTU,0.66,0,0,0,0,0,0,0,0,0,0,0,0,0,0,0
6,Southern,A,B,0,TARTU,0.218,0,0,0,0,0,0,0,0,0,0,0,0,0,0,0
7,Northern,A,F,0,TARTU,0.07,0,0,0,0,0,0,0,0,0,0,0,0,0,0,0
8,Northern,A,H,0,TARTU,0.062,0,0,0,0,0,0,0,0,0,0,0,0,0,0,0
9,Southern,A,B,0,TARTU,0.046,0,0,0,0,0,0,0,0,0,0,0,0,0,0,0
10,Southern,A,B,0,TARTU,0.328,0,0,0,0,0,0,0,0,0,0,0,0,0,0,0
11,Northern,A,H,0,TARTU,0.033,0,0,0,0,0,0,0,0,0,0,0,0,0,0,0
12,Northern,A,F,0,TARTU,0.064,0,0,0,0,0,0,0,0,0,0,0,0,0,0,0
13,Northern,A,F,0,TARTU,0.097,0,0,0,0,0,0,0,0,0,0,0,0,0,0,0
14,Northern,A,K,0,TARTU,0.099,0,0,0,0,0,0,0,0,0,0,0,0,0,0,0
15,Northern,A,K,0,TARTU,0.06,0,0,0,0,0,0,0,0,0,0,0,0,0,0,0
16,Northern,A,F,0,TARTU,0.071,0,0,0,0,0,0,0,0,0,0,0,0,0,0,0
17,Southern,A,C,0,TARTU,0.352,0,0,0,0,0,0,0,0,0,0,0,0,0,0,0
18,Northern,A,H,0,TARTU,0.102,0,0,0,0,0,0,0,0,0,0,0,0,0,0,0
19,Southern,A,B,0,TARTU,0.108,0,0,0,0,0,0,0,0,0,0,0,0,0,0,0
20,Southern,A,E,0,TARTU,0.047,0,0,0,0,0,0,0,0,0,0,0,0,0,0,0
21,Southern,A,B,0,TARTU,0.177,0,0,0,0,0,0,0,0,0,0,0,0,0,0,0
22,Northern,A,K,0,TARTU,0.078,0,0,0,0,0,0,0,0,0,0,0,0,0,0,0
23,Southern,A,E,0,TARTU,0.015,0,0,0,0,0,0,0,0,0,0,0,0,0,0,0
24,Northern,A,K,0,TARTU,0.115,0,0,0,0,0,0,0,0,0,0,0,0,0,0,0
25,Northern,A,K,0,TARTU,0.098,0,0,0,0,0,0,0,0,0,0,0,0,0,0,0
26,Southern,A,B,0,TARTU,0.242,0,0,0,0,0,0,0,0,0,0,0,0,0,0,0
27,Southern,A,E,0,TARTU,0.176,0,0,0,0,0,0,0,0,0,0,0,0,0,0,0
28,Southern,A,B,0,TARTU,0.178,0,0,0,0,0,0,0,0,0,0,0,0,0,0,0
29,Northern,A,H,0,TARTU,0.063,0,0,0,0,0,0,0,0,0,0,0,0,0,0,0
30,Southern,A,E,0,TARTU,0.111,0,0,0,0,0,0,0,0,0,0,0,0,0,0,0
31,Northern,B,K,0,TARTU,0.061,0,0,0,0,0,0,0,0,0,0,0,0,0,0,0
32,Southern,B,E,0,TARTU,0.062,0,0,0,0,0,0,0,0,0,0,0,0,0,0,0
33,Northern,B,H,0,TARTU,0.062,0,0,0,1,0.254,0,0,0,1,2.37,0,0,0,0,0
34,Southern,B,E,0,TARTU,0.097,0,0,0,1,4.318,1,4,138,1,17.242,1,8,132,1,2.744
35,Northern,B,F,0,TARTU,0.053,0,0,0,1,4.011,1,5,134,1,17.241,1,2,132,1,1.718
36,Northern,B,K,0,TARTU,0.026,0,0,0,0,0,0,0,0,0,0,0,0,0,0,0
37,Northern,B,K,0,TARTU,0.044,0,0,0,0,0,0,0,0,0,0,0,0,0,0,0
38,Southern,B,B,0,TARTU,0.209,0,0,0,0,0,0,0,0,0,0,0,0,0,0,0
39,Southern,B,B,0,TARTU,0.243,0,0,0,0,0,0,0,0,0,0,0,0,0,0,0
40,Southern,B,B,0,TARTU,0.311,0,0,0,1,0.54,0,0,0,1,4.777,0,0,0,0,0
41,Southern,B,E,0,TARTU,0.1,0,0,0,0,0,0,0,0,0,0,0,0,0,0,0
42,Southern,B,E,0,TARTU,0.157,0,0,0,0,0,0,0,0,0,0,0,0,0,0,0
43,Southern,B,B,0,TARTU,0.025,0,0,0,0,0,0,0,0,0,0,0,0,0,0,0
44,Northern,B,H,0,TARTU,0.076,0,0,0,0,0,0,0,0,0,0,0,0,0,0,0
45,Northern,B,K,0,TARTU,0.091,0,0,0,0,0,0,0,0,0,0,0,0,0,0,0
46,Southern,B,B,0,TARTU,0.548,0,0,0,0,0,0,0,0,0,0,0,0,0,0,0
47,Northern,B,F,0,TARTU,0.042,0,0,0,1,6.205,0,0,0,1,2.566,0,0,0,0,0
48,Southern,B,E,0,TARTU,0.168,0,0,0,0,0,0,0,0,0,0,0,0,0,0,0
49,Northern,B,H,0,TARTU,0.062,0,0,0,1,0,0,0,0,1,3.546,0,0,0,0,0
50,Northern,B,F,0,TARTU,0.033,0,0,0,0,0,0,0,0,0,0,0,0,0,0,0
51,Northern,B,F,0,TARTU,0.016,0,0,0,1,2.427,0,0,0,1,2.338,0,0,0,0,0
52,Northern,B,K,0,TARTU,0.043,0,0,0,0,0,0,0,0,0,0,0,0,0,0,0
53,Southern,B,B,0,TARTU,0.332,0,0,0,0,0,0,0,0,0,0,0,0,0,0,0
54,Northern,B,H,0,TARTU,0.111,0,0,0,0,0,0,0,0,0,0,0,0,0,0,0
55,Southern,B,C,0,TARTU,0.062,0,0,0,0,0,0,0,0,0,0,0,0,0,0,0
56,Southern,B,E,0,TARTU,0.145,0,0,0,0,0,0,0,0,0,0,0,0,0,0,0
57,Southern,B,B,0,TARTU,0.088,0,0,0,0,0,0,0,0,0,0,0,0,0,0,0
58,Southern,B,C,0,TARTU,0.34,0,0,0,0,0,0,0,0,0,0,0,0,0,0,0
59,Northern,B,H,0,TARTU,0.085,0,0,0,0,0,0,0,0,0,0,0,0,0,0,0
60,Northern,C,F,0,TARTU,0.051,0,0,0,0,0,0,0,0,0,0,0,0,0,0,0
61,Northern,C,H,0,TARTU,0.074,0,0,0,0,0,0,0,0,0,0,0,0,0,0,0
62,Northern,C,K,0,TARTU,0.105,0,0,0,0,0,0,0,0,0,0,0,0,0,0,0
63,Northern,C,H,0,TARTU,0.059,0,0,0,0,0,0,0,0,0,0,0,0,0,0,0
64,Northern,C,F,0,TARTU,0.092,0,0,0,0,0,0,0,0,0,0,0,0,0,0,0
65,Northern,C,K,0,TARTU,0.05,0,0,0,0,0,0,0,0,0,0,0,0,0,0,0
66,Southern,C,E,0,TARTU,0.063,0,0,0,0,0,0,0,0,0,0,0,0,0,0,0
67,Southern,C,E,0,TARTU,0.308,0,0,0,0,0,0,0,0,0,0,0,0,0,0,0
68,Northern,C,F,0,TARTU,0.031,0,0,0,0,0,0,0,0,0,0,0,0,0,0,0
69,Southern,C,B,0,TARTU,0.045,0,0,0,0,0,0,0,0,0,0,0,0,0,0,0
70,Southern,C,B,0,TARTU,0.031,0,0,0,0,0,0,0,0,0,0,0,0,0,0,0
71,Southern,C,E,0,TARTU,0.147,0,0,0,0,0,0,0,0,0,0,0,0,0,0,0
72,Southern,C,E,0,TARTU,0.064,0,0,0,0,0,0,0,0,0,0,0,0,0,0,0
73,Southern,C,B,0,TARTU,0.265,0,0,0,0,0,0,0,0,0,0,0,0,0,0,0
74,Northern,C,H,0,TARTU,0.093,0,0,0,0,0,0,0,0,0,0,0,0,0,0,0
75,Southern,C,B,0,TARTU,0.217,0,0,0,0,0,0,0,0,0,0,0,0,0,0,0
76,Northern,C,F,0,TARTU,0.137,0,0,0,0,0,0,0,0,0,0,0,0,0,0,0
77,Southern,C,B,0,TARTU,0.538,0,0,0,0,0,0,0,0,0,0,0,0,0,0,0
78,Northern,C,H,0,TARTU,0.041,0,0,0,0,0,0,0,0,0,0,0,0,0,0,0
79,Southern,C,B,0,TARTU,0.013,0,0,0,0,0,0,0,0,0,0,0,0,0,0,0
80,Southern,C,E,0,TARTU,0.066,1,3,0,1,0,0,0,0,0,0,0,0,0,0,0
81,Northern,C,F,0,TARTU,0.082,0,0,0,0,0,0,0,0,0,0,0,0,0,0,0
82,Northern,C,F,0,TARTU,0.107,0,0,0,0,0,0,0,0,0,0,0,0,0,0,0
83,Northern,C,H,0,TARTU,0.075,0,0,0,0,0,0,0,0,0,0,0,0,0,0,0
84,Southern,C,C,0,TARTU,0.097,0,0,0,0,0,0,0,0,0,0,0,0,0,0,0
85,Northern,C,K,0,TARTU,0.029,0,0,0,0,0,0,0,0,0,0,0,0,0,0,0
86,Southern,C,B,0,TARTU,0.228,0,0,0,0,0,0,0,0,0,0,0,0,0,0,0
87,Southern,C,C,0,TARTU,0.27,0,0,0,0,0,0,0,0,0,0,0,0,0,0,0
88,Southern,C,E,0,TARTU,0.081,0,0,0,0,0,0,0,0,0,0,0,0,0,0,0
89,Northern,C,K,0,TARTU,0.078,0,0,0,0,0,0,0,0,0,0,0,0,0,0,0
90,Northern,C,K,0,TARTU,0.042,0,0,0,0,0,0,0,0,0,0,0,0,0,0,0
91,Southern,D,E,0,HELSINKI,0.056,0,0,0,0,0,0,0,0,0,0,0,0,0,0,0
92,Northern,D,I,0,HELSINKI,0.031,0,0,0,0,0,0,0,0,0,0,0,0,0,0,0
93,Northern,D,I,0,HELSINKI,0.034,0,0,0,0,0,0,0,0,0,0,0,0,0,0,0
94,Southern,D,C,0,HELSINKI,0.048,0,0,0,0,0,0,0,0,0,0,0,0,0,0,0
95,Northern,D,I,0,HELSINKI,0.045,0,0,0,0,0,0,0,0,0,0,0,0,0,0,0
97,Northern,D,I,0,HELSINKI,0.035,0,0,0,0,0,0,0,0,0,0,0,0,0,0,0
98,Northern,D,K,0,HELSINKI,0.069,0,0,0,0,0,0,0,0,0,0,0,0,0,0,0
99,Northern,D,G,0,HELSINKI,0.09,0,0,0,0,0,0,0,0,0,0,0,0,0,0,0
100,Northern,D,K,0,HELSINKI,0.05,0,0,0,0,0,0,0,0,0,0,0,0,0,0,0
101,Southern,D,B,0,HELSINKI,0.127,0,0,0,0,0,0,0,0,0,0,0,0,0,0,0
102,Southern,D,B,0,HELSINKI,0.143,0,0,0,1,1.082,0,0,0,0,0,0,0,0,0,0
103,Southern,D,B,0,HELSINKI,0.088,0,0,0,0,0,0,0,0,0,0,0,0,0,0,0
104,Southern,D,E,0,HELSINKI,0.107,0,0,0,0,0,0,0,0,0,0,0,0,0,0,0
105,Southern,D,E,0,HELSINKI,0.137,0,0,0,0,0,0,0,0,0,0,0,0,0,0,0
106,Northern,D,G,0,HELSINKI,0.07,0,0,0,0,0,0,0,0,0,0,0,0,0,0,0
107,Northern,D,G,0,HELSINKI,0.098,0,0,0,0,0,0,0,0,0,0,0,0,0,0,0
108,Southern,D,C,0,HELSINKI,0.073,0,0,0,0,0,0,0,0,0,0,0,0,0,0,0
109,Northern,D,I,0,HELSINKI,0.027,0,0,0,0,0,0,0,0,0,0,0,0,0,0,0
110,Southern,D,E,0,HELSINKI,0.105,0,0,0,0,0,0,0,0,0,0,0,0,0,0,0
111,Southern,D,B,0,HELSINKI,0.136,0,0,0,0,0,0,0,0,0,0,0,0,0,0,0
112,Northern,D,K,0,HELSINKI,0.078,0,0,0,0,0,0,0,0,0,0,0,0,0,0,0
113,Northern,D,G,0,HELSINKI,0.141,0,0,0,0,0,0,0,0,0,0,0,0,0,0,0
114,Northern,D,K,0,HELSINKI,0.09,0,0,0,0,0,0,0,0,0,0,0,0,0,0,0
115,Southern,D,E,0,HELSINKI,0.129,1,1,136,1,0,0,0,0,0,0,0,0,0,0,0
116,Southern,D,B,0,HELSINKI,0.099,0,0,0,1,0.85,0,0,0,0,0,0,0,0,0,0
117,Southern,D,E,0,HELSINKI,0.096,0,0,0,0,0,0,0,0,0,0,0,0,0,0,0
118,Northern,D,K,0,HELSINKI,0.184,0,0,0,0,0,0,0,0,0,0,0,0,0,0,0
119,Northern,D,G,0,HELSINKI,0.139,0,0,0,0,0,0,0,0,0,0,0,0,0,0,0
120,Southern,D,B,0,HELSINKI,0.096,1,4,132,1,6.295,0,0,0,0,0,0,0,0,0,0
121,Northern,E,I,0,HELSINKI,0.043,0,0,0,0,0,0,0,0,0,0,0,0,0,0,0
122,Northern,E,K,0,HELSINKI,0.1,0,0,0,0,0,0,0,0,0,0,0,0,0,0,0
123,Northern,E,G,0,HELSINKI,0.129,0,0,0,1,0.127,0,0,0,0,0,0,0,0,0,0
124,Southern,E,C,0,HELSINKI,0.12,0,0,0,1,2.367,1,3,140,1,0.987,0,0,0,1,0.756
125,Southern,E,B,0,HELSINKI,0.047,0,0,0,1,3.155,0,0,0,1,1.242,0,0,0,1,1.15
126,Southern,E,B,0,HELSINKI,0.11,1,17,139,1,9.965,1,15,142,1,0.233,0,0,0,1,0.525
127,Southern,E,E,0,HELSINKI,0.303,1,8,140,1,44.923,1,5,142,1,15.009,1,2,137,1,7.965
128,Northern,E,K,0,HELSINKI,0.069,0,0,0,0,0,0,0,0,0,0,0,0,0,0,0
129,Northern,E,I,0,HELSINKI,0.026,0,0,0,0,0,0,0,0,0,0,0,0,0,0,0
130,Southern,E,E,0,HELSINKI,0.058,0,0,0,1,1.399,0,0,0,0,0,0,0,0,0,0
131,Southern,E,B,0,HELSINKI,0.095,1,2,0,1,9.05,1,5,145,1,1.699,0,0,0,1,5.616
132,Northern,E,G,0,HELSINKI,0.138,0,0,0,1,0,1,2,145,1,0,1,1,139,1,0
133,Northern,E,G,0,HELSINKI,0.092,0,0,0,1,0.08,0,0,0,0,0,0,0,0,0,0
134,Northern,E,G,0,HELSINKI,0.073,0,0,0,0,0,0,0,0,0,0,0,0,0,0,0
135,Southern,E,E,0,HELSINKI,0.084,0,0,0,1,1.189,0,0,0,1,0.312,0,0,0,0,0
136,Northern,E,K,0,HELSINKI,0.036,0,0,0,0,0,0,0,0,0,0,0,0,0,0,0
137,Southern,E,E,0,HELSINKI,0.119,0,0,0,0,0,0,0,0,0,0,0,0,0,0,0
138,Northern,E,K,0,HELSINKI,0.071,0,0,0,0,0,0,0,0,0,0,0,0,0,0,0
139,Southern,E,B,0,HELSINKI,0.129,1,2,0,1,0.369,0,0,0,0,0,0,0,0,0,0
140,Southern,E,E,0,HELSINKI,0.09,1,4,138,1,1.185,0,0,0,1,0.349,0,0,0,0,0
141,Northern,E,I,0,HELSINKI,0.023,0,0,0,0,0,0,0,0,0,0,0,0,0,0,0
142,Southern,E,C,0,HELSINKI,0.063,0,0,0,1,1.963,0,0,0,1,1.384,0,0,0,1,0.408
143,Southern,E,E,0,HELSINKI,0.091,0,0,0,0,0,0,0,0,0,0,0,0,0,0,0
144,Southern,E,B,0,HELSINKI,0.114,0,0,0,0,0,0,0,0,0,0,0,0,0,0,0
145,Southern,E,B,0,HELSINKI,0.181,0,0,0,1,0,0,0,0,0,0,0,0,0,0,0
146,Northern,E,G,0,HELSINKI,0.123,0,0,0,0,0,0,0,0,0,0,0,0,0,0,0
147,Southern,E,E,0,HELSINKI,0.044,0,0,0,0,0,0,0,0,0,0,0,0,0,0,0
148,Northern,E,I,0,HELSINKI,0.053,0,0,0,0,0,0,0,0,0,0,0,0,0,0,0
149,Northern,E,I,0,HELSINKI,0.025,0,0,0,0,0,0,0,0,0,0,0,0,0,0,0
150,Northern,E,K,0,HELSINKI,0.072,0,0,0,0,0,0,0,0,0,0,0,0,0,0,0
151,Southern,F,E,0,HELSINKI,0.109,0,0,0,1,0,0,0,0,0,0,0,0,0,0,0
152,Northern,F,I,0,HELSINKI,0.02,0,0,0,0,0,0,0,0,0,0,0,0,0,0,0
153,Northern,F,I,0,HELSINKI,0.073,0,0,0,0,0,0,0,0,0,0,0,0,0,0,0
154,Southern,F,C,0,HELSINKI,0.088,0,0,0,1,4.822,0,0,0,1,5.313,0,0,0,0,0
155,Southern,F,B,0,HELSINKI,0.187,0,0,0,1,6.061,0,0,0,1,2.881,1,2,132,1,10.198
156,Northern,F,G,0,HELSINKI,0.098,0,0,0,0,0,0,0,0,0,0,0,0,0,0,0
157,Southern,F,C,0,HELSINKI,0.117,0,0,0,0,0,0,0,0,0,0,0,0,0,0,0
158,Northern,F,G,0,HELSINKI,0.089,0,0,0,0,0,0,0,0,0,0,0,0,0,0,0
159,Southern,F,B,0,HELSINKI,0.131,0,0,0,1,12.602,0,0,0,0,0,0,0,0,0,0
160,Southern,F,E,0,HELSINKI,0.203,1,7,136,1,15.53,1,7,135,1,15.603,0,0,0,1,13.044
161,Southern,F,E,0,HELSINKI,0.206,1,1,134,1,17.668,1,15,135,1,26.846,1,4,132,1,23.853
162,Southern,F,B,0,HELSINKI,0.21,0,0,0,0,0,0,0,0,0,0,0,0,0,0,0
169,Northern,F,K,0,HELSINKI,0.063,0,0,0,0,0,0,0,0,0,0,0,0,0,0,0
170,Southern,F,E,0,HELSINKI,0.114,1,8,0,1,22.603,1,4,140,1,21.751,0,0,0,1,10.647
171,Northern,F,K,0,HELSINKI,0.041,0,0,0,0,0,0,0,0,0,0,0,0,0,0,0
172,Northern,F,K,0,HELSINKI,0.135,0,0,0,0,0,0,0,0,0,0,0,0,0,0,0
173,Southern,F,E,0,HELSINKI,0.174,1,3,0,1,13.978,1,1,142,1,3.822,0,0,0,1,0.673
174,Northern,F,K,0,HELSINKI,0.043,0,0,0,0,0,0,0,0,0,0,0,0,0,0,0
175,Southern,F,B,0,HELSINKI,0.121,0,0,0,1,6.735,1,2,145,1,4.443,0,0,0,0,0
176,Northern,F,I,0,HELSINKI,0.031,0,0,0,0,0,0,0,0,0,0,0,0,0,0,0
177,Northern,F,K,0,HELSINKI,0.035,0,0,0,0,0,0,0,0,0,0,0,0,0,0,0
178,Southern,F,B,0,HELSINKI,0.08,0,0,0,1,17.134,0,0,0,1,21.375,0,0,0,1,14.528
179,Northern,F,I,0,HELSINKI,0.049,0,0,0,0,0,0,0,0,0,0,0,0,0,0,0
180,Southern,F,E,0,HELSINKI,0.184,0,0,0,1,10.599,0,0,0,1,14.788,1,4,132,1,4.648
181,Northern,G,H,0,RAUMA,0.063,0,0,0,1,0.329,0,0,0,1,0.134,0,0,0,0,0
182,Northern,G,I,0,RAUMA,0.136,0,0,0,0,0,0,0,0,0,0,0,0,0,0,0
183,Southern,G,B,0,RAUMA,0.524,1,13,137,1,49.292,1,30,140,1,12.558,0,0,0,1,4.799
184,Northern,G,I,0,RAUMA,0.124,0,0,0,0,0,0,0,0,0,0,0,0,0,0,0
185,Southern,G,B,0,RAUMA,0.262,0,0,0,0,0,0,0,0,0,0,0,0,0,0,0
186,Southern,G,C,0,RAUMA,0.782,0,0,0,1,5.461,1,3,142,1,1.579,0,0,0,1,1.58
187,Northern,G,J,0,RAUMA,0.0731,0,0,0,0,0,0,0,0,0,0,0,0,0,0,0
188,Northern,G,I,0,RAUMA,0.104,0,0,0,0,0,0,0,0,0,0,0,0,0,0,0
189,Southern,G,E,0,RAUMA,0.854,0,0,0,1,19.542,1,6,145,1,3.487,0,0,0,1,0.782
190,Northern,G,J,0,RAUMA,0.133,0,0,0,0,0,0,0,0,0,0,0,0,0,0,0
191,Northern,G,H,0,RAUMA,0.052,0,0,0,1,1.111,0,0,0,0,0,0,0,0,0,0
192,Northern,G,H,0,RAUMA,0.138,0,0,0,0,0,0,0,0,0,0,0,0,0,0,0
193,Southern,G,C,0,RAUMA,1.182,1,6,141,1,5.587,0,0,0,1,0.611,0,0,0,0,0
194,Southern,G,B,0,RAUMA,0.381,0,0,0,1,4.413,0,0,0,1,1.818,0,0,0,1,0.619
195,Southern,G,E,0,RAUMA,0.96,1,7,141,1,24.202,1,12,142,1,8.494,0,0,0,1,1.94
196,Southern,G,E,0,RAUMA,0.35,0,0,0,1,2.391,1,1,140,1,0.795,0,0,0,1,0.586
197,Northern,G,I,0,RAUMA,0.057,0,0,0,0,0,0,0,0,0,0,0,0,0,0,0
198,Northern,G,H,0,RAUMA,0.184,0,0,0,0,0,0,0,0,0,0,0,0,0,0,0
199,Southern,G,C,0,RAUMA,0.699,0,0,0,0,0,0,0,0,0,0,0,0,0,0,0
200,Southern,G,E,0,RAUMA,0.751,0,0,0,1,0.705,0,0,0,1,0.372,0,0,0,0,0
201,Northern,G,H,0,RAUMA,0.126,0,0,0,0,0,0,0,0,0,0,0,0,0,0,0
202,Southern,G,E,0,RAUMA,2.316,1,2,141,1,28.001,1,14,142,1,10.699,0,0,0,1,2.566
203,Northern,G,J,0,RAUMA,0.075,0,0,0,0,0,0,0,0,0,0,0,0,0,0,0
204,Northern,G,J,0,RAUMA,0.034,0,0,0,0,0,0,0,0,0,0,0,0,0,0,0
205,Southern,G,B,0,RAUMA,0.324,0,0,0,0,0,0,0,0,0,0,0,0,0,0,0
206,Southern,G,C,0,RAUMA,2.574,0,0,0,0,0,0,0,0,0,0,0,0,0,0,0
207,Northern,G,I,0,RAUMA,0.056,0,0,0,0,0,0,0,0,0,0,0,0,0,0,0
208,Southern,G,C,0,RAUMA,0.22,0,0,0,0,0,0,0,0,0,0,0,0,0,0,0
209,Northern,G,H,0,RAUMA,0.059,0,0,0,0,0,0,0,0,0,0,0,0,0,0,0
210,Northern,G,I,0,RAUMA,0.119,0,0,0,0,0,0,0,0,0,0,0,0,0,0,0
211,Southern,H,C,0,RAUMA,1.382,0,0,0,0,0,0,0,0,0,0,0,0,0,0,0
212,Southern,H,E,0,RAUMA,0.331,0,0,0,0,0,0,0,0,0,0,0,0,0,0,0
213,Northern,H,I,0,RAUMA,0.104,0,0,0,0,0,0,0,0,0,0,0,0,0,0,0
214,Southern,H,E,0,RAUMA,1.028,0,0,0,1,0.334,0,0,0,0,0,0,0,0,0,0
215,Southern,H,B,0,RAUMA,0.277,0,0,0,0,0,0,0,0,0,0,0,0,0,0,0
216,Northern,H,J,0,RAUMA,0.113,0,0,0,0,0,0,0,0,0,0,0,0,0,0,0
217,Northern,H,H,0,RAUMA,0.277,0,0,0,0,0,0,0,0,0,0,0,0,0,0,0
218,Northern,H,J,0,RAUMA,0.104,0,0,0,0,0,0,0,0,0,0,0,0,0,0,0
219,Northern,H,J,0,RAUMA,0.061,0,0,0,0,0,0,0,0,0,0,0,0,0,0,0
220,Northern,H,I,0,RAUMA,0.096,0,0,0,0,0,0,0,0,0,0,0,0,0,0,0
221,Southern,H,C,0,RAUMA,0.66,0,0,0,0,0,0,0,0,0,0,0,0,0,0,0
222,Southern,H,B,0,RAUMA,0.858,0,0,0,0,0,0,0,0,0,0,0,0,0,0,0
223,Northern,H,H,0,RAUMA,0.153,1,2,139,1,0,0,0,0,0,0,0,0,0,0,0
224,Northern,H,I,0,RAUMA,0.153,0,0,0,0,0,0,0,0,0,0,0,0,0,0,0
225,Northern,H,H,0,RAUMA,0.052,0,0,0,0,0,0,0,0,0,0,0,0,0,0,0
226,Southern,H,C,0,RAUMA,4.091,0,0,0,1,4.596,0,0,0,0,0,0,0,0,0,0
227,Northern,H,I,0,RAUMA,0.101,0,0,0,0,0,0,0,0,0,0,0,0,0,0,0
228,Southern,H,C,0,RAUMA,0.615,0,0,0,0,0,0,0,0,0,0,0,0,0,0,0
229,Northern,H,J,0,RAUMA,0.103,0,0,0,0,0,0,0,0,0,0,0,0,0,0,0
230,Northern,H,I,0,RAUMA,0.098,0,0,0,0,0,0,0,0,0,0,0,0,0,0,0
231,Southern,H,E,0,RAUMA,0.873,0,0,0,1,1.333,0,0,0,0,0,0,0,0,0,0
232,Southern,H,B,0,RAUMA,0.552,0,0,0,0,0,0,0,0,0,0,0,0,0,0,0
233,Southern,H,C,0,RAUMA,1.438,0,0,0,0,0,0,0,0,0,0,0,0,0,0,0
234,Northern,H,H,0,RAUMA,0.162,0,0,0,0,0,0,0,0,0,0,0,0,0,0,0
235,Southern,H,E,0,RAUMA,0.644,0,0,0,1,0.263,0,0,0,0,0,0,0,0,0,0
236,Southern,H,E,0,RAUMA,0.241,0,0,0,0,0,0,0,0,0,0,0,0,0,0,0
237,Northern,H,I,0,RAUMA,0.027,0,0,0,0,0,0,0,0,0,0,0,0,0,0,0
238,Northern,H,H,0,RAUMA,0.078,0,0,0,0,0,0,0,0,0,0,0,0,0,0,0
239,Southern,H,B,0,RAUMA,0.642,1,3,139,1,0,0,0,0,0,0,0,0,0,0,0
240,Northern,H,H,0,RAUMA,0.123,0,0,0,0,0,0,0,0,0,0,0,0,0,0,0
241,Northern,I,H,0,RAUMA,0.05,0,0,0,0,0,0,0,0,0,0,0,0,0,0,0
242,Southern,I,E,0,RAUMA,0.445,0,0,0,0,0,0,0,0,0,0,0,0,0,0,0
243,Southern,I,B,0,RAUMA,0.179,0,0,0,0,0,0,0,0,0,0,0,0,0,0,0
244,Southern,I,C,0,RAUMA,0.574,0,0,0,0,0,0,0,0,0,0,0,0,0,0,0
245,Northern,I,I,0,RAUMA,0.06,0,0,0,0,0,0,0,0,0,0,0,0,0,0,0
246,Southern,I,B,0,RAUMA,0.924,0,0,0,0,0,0,0,0,0,0,0,0,0,0,0
247,Southern,I,E,0,RAUMA,0.741,0,0,0,0,0,0,0,0,0,0,0,0,0,0,0
248,Northern,I,I,0,RAUMA,0.129,0,0,0,0,0,0,0,0,0,0,0,0,0,0,0
249,Northern,I,I,0,RAUMA,0.069,0,0,0,0,0,0,0,0,0,0,0,0,0,0,0
250,Northern,I,I,0,RAUMA,0.119,0,0,0,0,0,0,0,0,0,0,0,0,0,0,0
251,Southern,I,E,0,RAUMA,1.984,1,3,137,1,3.69,0,0,0,1,26.937,1,3,137,1,1.922
252,Southern,I,B,0,RAUMA,0.951,0,0,0,0,0,0,0,0,0,0,0,0,0,0,0
253,Northern,I,J,0,RAUMA,0.288,0,0,0,0,0,0,0,0,0,0,0,0,0,0,0
254,Southern,I,E,0,RAUMA,0.802,0,0,0,0,0,0,0,0,0,0,0,0,0,0,0
255,Northern,I,H,0,RAUMA,0.196,0,0,0,0,0,0,0,0,0,0,0,0,0,0,0
256,Southern,I,C,0,RAUMA,1.259,0,0,0,0,0,0,0,0,0,0,0,0,0,0,0
257,Northern,I,I,0,RAUMA,0.115,0,0,0,0,0,0,0,0,0,0,0,0,0,0,0
258,Southern,I,C,0,RAUMA,0.615,0,0,0,0,0,0,0,0,0,0,0,0,0,0,0
259,Southern,I,B,0,RAUMA,0.369,0,0,0,0,0,0,0,0,0,0,0,0,0,0,0
260,Northern,I,J,0,RAUMA,0.187,0,0,0,0,0,0,0,0,0,0,0,0,0,0,0
261,Northern,I,H,0,RAUMA,0.112,0,0,0,0,0,0,0,0,0,0,0,0,0,0,0
262,Southern,I,E,0,RAUMA,0.853,0,0,0,0,0,0,0,0,0,0,0,0,0,0,0
263,Northern,I,H,0,RAUMA,0.257,0,0,0,0,0,0,0,0,0,0,0,0,0,0,0
264,Northern,I,H,0,RAUMA,0.162,0,0,0,0,0,0,0,0,0,0,0,0,0,0,0
265,Northern,I,J,0,RAUMA,0.041,0,0,0,0,0,0,0,0,0,0,0,0,0,0,0
266,Southern,I,C,0,RAUMA,0.585,0,0,0,0,0,0,0,0,0,0,0,0,0,0,0
267,Southern,I,C,0,RAUMA,0.165,0,0,0,0,0,0,0,0,0,0,0,0,0,0,0
268,Northern,I,I,0,RAUMA,0.122,0,0,0,0,0,0,0,0,0,0,0,0,0,0,0
269,Northern,I,H,0,RAUMA,0.033,0,0,0,0,0,0,0,0,0,0,0,0,0,0,0
270,Northern,I,J,0,RAUMA,0.086,0,0,0,0,0,0,0,0,0,0,0,0,0,0,0
361,Northern,M,F,0,OULU,0.128,0,0,0,1,0.187,0,0,0,1,0.216,0,0,0,0,0
362,Northern,M,F,0,OULU,0.135,0,0,0,1,1.269,0,0,0,1,0.025,0,0,0,0,0
363,Southern,M,B,0,OULU,0.604,1,8,134,1,8.352,0,0,0,1,0.672,0,0,0,0,0
364,Southern,M,C,0,OULU,0.112,1,3,134,1,0,0,0,0,0,0,0,0,0,0,0
365,Southern,M,A,0,OULU,0.588,0,0,0,1,2.107,0,0,0,0,0,0,0,0,0,0
366,Northern,M,I,0,OULU,0.017,0,0,0,0,0,0,0,0,0,0,0,0,0,0,0
367,Northern,M,I,0,OULU,0.038,0,0,0,1,0.21,0,0,0,0,0,0,0,0,0,0
368,Southern,M,C,0,OULU,0.105,1,1,146,1,1.828,0,0,0,1,1.278,0,0,0,0,0
369,Southern,M,B,0,OULU,0.222,1,1,146,1,0,0,0,0,0,0,0,0,0,0,0
370,Northern,M,I,0,OULU,0.039,0,0,0,0,0,0,0,0,0,0,0,0,0,0,0
371,Northern,M,G,0,OULU,0.047,0,0,0,0,0,0,0,0,0,0,0,0,0,0,0
372,Southern,M,C,0,OULU,0.038,1,1,146,1,6.917,1,3,153,1,14.396,1,3,147,1,5.219
373,Southern,M,A,0,OULU,0.109,0,0,0,0,0,0,0,0,0,0,0,0,0,0,0
374,Northern,M,F,0,OULU,0.067,0,0,0,0,0,0,0,0,0,0,0,0,0,0,0
375,Northern,M,G,0,OULU,0.202,0,0,0,0,0,0,0,0,0,0,0,0,0,0,0
376,Southern,M,A,0,OULU,0.202,0,0,0,0,0,0,0,0,0,0,0,0,0,0,0
377,Southern,M,A,0,OULU,0.022,0,0,0,0,0,0,0,0,0,0,0,0,0,0,0
378,Northern,M,G,0,OULU,0.213,0,0,0,0,0,0,0,0,0,0,0,0,0,0,0
379,Northern,M,I,0,OULU,0.035,0,0,0,0,0,0,0,0,0,0,0,0,0,0,0
380,Southern,M,C,0,OULU,0.19,0,0,0,1,0.194,0,0,0,0,0,0,0,0,0,0
381,Northern,M,G,0,OULU,0.142,0,0,0,0,0,0,0,0,0,0,0,0,0,0,0
382,Southern,M,A,0,OULU,0.032,0,0,0,1,0.992,0,0,0,1,0.946,0,0,0,1,0.243
383,Southern,M,C,0,OULU,0.239,0,0,0,0,0,0,0,0,0,0,0,0,0,0,0
384,Southern,M,B,0,OULU,0.02,0,0,0,1,1.371,0,0,0,1,0.961,0,0,0,1,0.575
385,Northern,M,F,0,OULU,0.284,0,0,0,1,0.347,0,0,0,0,0,0,0,0,0,0
386,Southern,M,B,0,OULU,0.294,0,0,0,0,0,0,0,0,0,0,0,0,0,0,0
387,Southern,M,B,0,OULU,0.065,0,0,0,1,0.384,0,0,0,1,0.238,0,0,0,0,0
388,Northern,M,F,0,OULU,0.131,0,0,0,0,0,0,0,0,0,0,0,0,0,0,0
389,Southern,M,G,0,OULU,0.144,0,0,0,1,0.61,0,0,0,1,0.663,0,0,0,0,0
392,Southern,N,C,0,OULU,0.678,0,0,0,0,0,0,0,0,0,0,0,0,0,0,0
393,Northern,N,F,0,OULU,0.111,0,0,0,0,0,0,0,0,0,0,0,0,0,0,0
394,Southern,N,A,0,OULU,0.57,0,0,0,1,2.111,0,0,0,1,0.31,0,0,0,1,0.548
395,Northern,N,I,0,OULU,0.035,0,0,0,0,0,0,0,0,0,0,0,0,0,0,0
396,Northern,N,G,0,OULU,0.066,0,0,0,0,0,0,0,0,0,0,0,0,0,0,0
397,Southern,N,B,0,OULU,0.027,0,0,0,0,0,0,0,0,0,0,0,0,0,0,0
398,Northern,N,G,0,OULU,0.096,0,0,0,0,0,0,0,0,0,0,0,0,0,0,0
399,Southern,N,B,0,OULU,0.19,0,0,0,0,0,0,0,0,0,0,0,0,0,0,0
400,Southern,N,B,0,OULU,0.281,1,1,146,1,17.164,1,15,151,1,3.701,1,2,148,1,8.899
401,Southern,N,A,0,OULU,0.398,0,0,0,0,0,0,0,0,0,0,0,0,0,0,0
402,Northern,N,I,0,OULU,0.094,0,0,0,0,0,0,0,0,0,0,0,0,0,0,0
403,Northern,N,F,0,OULU,0.202,0,0,0,1,2.962,1,2,153,1,0.435,0,0,0,1,0.142
404,Northern,N,G,0,OULU,0.169,0,0,0,0,0,0,0,0,0,0,0,0,0,0,0
405,Southern,N,C,0,OULU,0.067,0,0,0,0,0,0,0,0,0,0,0,0,0,0,0
406,Southern,N,A,0,OULU,0.479,0,0,0,0,0,0,0,0,0,0,0,0,0,0,0
407,Northern,N,F,0,OULU,0.11,0,0,0,0,0,0,0,0,0,0,0,0,0,0,0
408,Northern,N,F,0,OULU,0.096,0,0,0,1,0.475,0,0,0,0,0,0,0,0,0,0
409,Southern,N,C,0,OULU,0.105,1,3,144,1,1.225,0,0,0,0,0,0,0,0,0,0
410,Southern,N,C,0,OULU,2.177,1,3,144,1,15.908,1,2,154,1,0.622,0,0,0,0,0
411,Southern,N,B,0,OULU,0.061,0,0,0,0,0,0,0,0,0,0,0,0,0,0,0
412,Northern,N,I,0,OULU,0.056,0,0,0,0,0,0,0,0,0,0,0,0,0,0,0
413,Southern,N,B,0,OULU,0.712,0,0,0,0,0,0,0,0,0,0,0,0,0,0,0
414,Northern,N,G,0,OULU,0.255,0,0,0,0,0,0,0,0,0,0,0,0,0,0,0
415,Southern,N,A,0,OULU,0.411,0,0,0,0,0,0,0,0,0,0,0,0,0,0,0
416,Southern,N,A,0,OULU,0.037,0,0,0,0,0,0,0,0,0,0,0,0,0,0,0
417,Northern,N,G,0,OULU,0.135,0,0,0,0,0,0,0,0,0,0,0,0,0,0,0
418,Northern,N,I,0,OULU,0.005,0,0,0,0,0,0,0,0,0,0,0,0,0,0,0
419,Northern,N,F,0,OULU,0.172,0,0,0,0,0,0,0,0,0,0,0,0,0,0,0
420,Southern,N,C,0,OULU,0.455,0,0,0,1,3.298,0,0,0,1,1.728,0,0,0,0,0
421,Northern,O,F,0,OULU,0.041,0,0,0,0,0,0,0,0,0,0,0,0,0,0,0
422,Southern,O,C,0,OULU,0.539,0,0,0,0,0,0,0,0,0,0,0,0,0,0,0
423,Northern,O,I,0,OULU,0.042,0,0,0,0,0,0,0,0,0,0,0,0,0,0,0
424,Southern,O,B,0,OULU,0.23,0,0,0,1,1.355,0,0,0,0,0,0,0,0,0,0
425,Northern,O,F,0,OULU,0.044,0,0,0,0,0,0,0,0,0,0,0,0,0,0,0
426,Northern,O,G,0,OULU,0.063,0,0,0,1,0,0,0,0,1,1.939,0,0,0,0,0
427,Northern,O,F,0,OULU,0.059,0,0,0,0,0,0,0,0,0,0,0,0,0,0,0
428,Southern,O,A,0,OULU,0.012,0,0,0,0,0,0,0,0,0,0,0,0,0,0,0
429,Northern,O,G,0,OULU,0.165,0,0,0,0,0,0,0,0,0,0,0,0,0,0,0
430,Southern,O,B,0,OULU,0.047,0,0,0,1,0.094,0,0,0,1,0.17,0,0,0,0,0
431,Southern,O,B,0,OULU,0.065,0,0,0,1,1.094,1,2,165,1,1.091,1,1,152,1,1.455
432,Southern,O,C,0,OULU,0.258,1,2,150,1,0.278,0,0,0,1,0.703,0,0,0,1,0.127
433,Southern,O,A,0,OULU,0.171,0,0,0,0,0,0,0,0,0,0,0,0,0,0,0
434,Southern,O,B,0,OULU,0.155,0,0,0,0,0,0,0,0,0,0,0,0,0,0,0
435,Northern,O,F,0,OULU,0.062,0,0,0,1,0.287,0,0,0,1,0.15,0,0,0,1,0.165
436,Southern,O,C,0,OULU,0.456,0,0,0,1,0.138,0,0,0,1,0.092,0,0,0,0,0
437,Northern,O,I,0,OULU,0.07,0,0,0,0,0,0,0,0,0,0,0,0,0,0,0
438,Southern,O,A,0,OULU,0.848,1,2,150,1,2.447,0,0,0,1,3.624,0,0,0,1,4.701
439,Northern,O,G,0,OULU,0.053,0,0,0,0,0,0,0,0,0,0,0,0,0,0,0
440,Southern,O,C,0,OULU,0.97,1,1,0,1,1.728,0,0,0,1,1.278,0,0,0,1,0.116
441,Southern,O,B,0,OULU,0.01,0,0,0,0,0,0,0,0,0,0,0,0,0,0,0
442,Southern,O,A,0,OULU,0.665,0,0,0,1,1.004,0,0,0,1,1.104,1,1,152,1,0.533
443,Southern,O,C,0,OULU,0.11,0,0,0,1,0.287,0,0,0,1,0.135,0,0,0,0,0
444,Northern,O,G,0,OULU,0.1,0,0,0,0,0,0,0,0,0,0,0,0,0,0,0
445,Northern,O,I,0,OULU,0.04,0,0,0,0,0,0,0,0,0,0,0,0,0,0,0
446,Northern,O,I,0,OULU,0.035,0,0,0,0,0,0,0,0,0,0,0,0,0,0,0
447,Northern,O,I,0,OULU,0.025,0,0,0,0,0,0,0,0,0,0,0,0,0,0,0
448,Northern,O,G,0,OULU,0.216,1,2,153,1,1.204,0,0,0,1,0.881,0,0,0,0,0
449,Southern,O,A,0,OULU,0.496,1,1,153,1,0.629,0,0,0,1,0.217,0,0,0,1,0.118
450,Northern,O,F,0,OULU,0.188,0,0,0,0,0,0,0,0,0,0,0,0,0,0,0
451,Northern,P,G,0,SVANVIK,0.918,0,0,0,1,15.49,1,3,159,1,8.366,1,5,155,1,13.328
452,Northern,P,H,0,SVANVIK,0.13,0,0,0,1,7.681,1,4,166,1,2.277,1,3,158,1,4.582
453,Southern,P,C,0,SVANVIK,0.083,0,0,0,1,2.086,1,3,169,1,8.341,1,10,151,1,6.814
454,Northern,P,G,0,SVANVIK,0.91,0,0,0,1,6.921,1,2,166,1,12.204,1,12,151,1,5.374
455,Southern,P,C,0,SVANVIK,0.218,0,0,0,1,23.688,1,6,173,1,13.626,1,3,151,1,10.717
456,Northern,P,H,0,SVANVIK,0.126,0,0,0,0,0,0,0,0,0,0,0,0,0,0,0
457,Northern,P,G,0,SVANVIK,0.308,0,0,0,0,0,0,0,0,0,0,0,0,0,0,0
458,Southern,P,E,0,SVANVIK,0.196,0,0,0,1,2.704,1,3,169,1,2.069,1,2,154,1,1.93
459,Southern,P,B,0,SVANVIK,0.276,0,0,0,1,5.822,1,3,169,1,2.955,1,1,151,1,1.33
460,Northern,P,G,0,SVANVIK,1.32,0,0,0,0,0,0,0,0,0,0,0,0,0,0,0
461,Southern,P,C,0,SVANVIK,0.445,1,3,169,1,34.9,1,8,166,1,15.157,1,4,151,1,1.984
462,Southern,P,E,0,SVANVIK,1.397,0,0,0,1,51.036,1,1,173,1,5.693,1,3,152,1,6.547
463,Northern,P,F,0,SVANVIK,0.253,0,0,0,1,0,0,0,0,1,1.13,0,0,0,1,0.587
464,Southern,P,B,0,SVANVIK,0.413,1,7,155,1,29.585,1,4,166,1,7.128,1,3,154,1,4.956
465,Southern,P,C,0,SVANVIK,0.261,1,2,169,1,17.658,1,4,169,1,10.459,0,0,0,1,2.786
466,Southern,P,E,0,SVANVIK,1.618,0,0,0,0,0,0,0,0,0,0,0,0,0,0,0
467,Northern,P,G,0,SVANVIK,0.762,0,0,0,1,5.015,1,6,169,1,4.874,1,2,155,1,3.827
469,Northern,P,H,0,SVANVIK,0.21,0,0,0,0,0,0,0,0,0,0,0,0,0,0,0
470,Northern,P,H,0,SVANVIK,0.489,0,0,0,1,0.415,0,0,0,1,0.117,0,0,0,1,0.415
471,Northern,P,F,0,SVANVIK,0.368,0,0,0,0,0,0,0,0,0,0,0,0,0,0,0
472,Northern,P,F,0,SVANVIK,0.402,0,0,0,1,1.368,0,0,0,1,0.403,0,0,0,0,0
473,Southern,P,B,0,SVANVIK,0.212,0,0,0,1,8.924,1,3,166,1,7.677,0,0,0,1,3.942
474,Southern,P,C,0,SVANVIK,0.219,0,0,0,1,12.965,1,4,166,1,3.639,1,1,155,1,3.221
475,Southern,P,E,0,SVANVIK,0.255,0,0,0,0,0,0,0,0,0,0,0,0,0,0,0
476,Southern,P,E,0,SVANVIK,0.829,0,0,0,1,25.709,1,6,163,1,15.642,0,0,0,1,2.772
477,Southern,P,B,0,SVANVIK,0.511,1,2,169,1,15.606,0,0,0,1,9.07,1,2,155,1,7.721
478,Northern,P,F,0,SVANVIK,0.306,0,0,0,0,0,0,0,0,0,0,0,0,0,0,0
479,Southern,P,E,0,SVANVIK,0.493,0,0,169,1,23.019,0,0,0,1,1.812,0,0,0,1,1.968
480,Northern,P,F,0,SVANVIK,0.216,0,0,0,1,0.412,0,0,0,1,0.106,0,0,0,1,0.447
481,Southern,Q,E,0,SVANVIK,0.729,1,2,162,1,10.23,1,8,0,1,13.742,1,9,145,1,8.715
482,Northern,Q,G,0,SVANVIK,0.688,0,0,0,1,6.228,1,4,0,1,4.738,1,8,154,1,2.683
483,Southern,Q,C,0,SVANVIK,0.068,0,0,0,0,0,0,0,0,0,0,0,0,0,0,0
484,Southern,Q,C,0,SVANVIK,0.227,0,0,0,1,2.445,0,0,0,1,3.396,0,0,0,1,2.478
485,Northern,Q,F,0,SVANVIK,0.449,0,0,0,1,3.268,1,2,0,1,1.335,1,2,154,1,0
486,Northern,Q,H,0,SVANVIK,0.089,0,0,0,1,0.7,1,2,0,1,1.528,1,3,145,1,0
487,Northern,Q,G,0,SVANVIK,1.002,1,1,169,1,2.91,1,3,0,1,0.661,1,7,151,1,2.847
488,Northern,Q,G,0,SVANVIK,0.38,0,0,0,1,0.725,0,0,0,0,0,0,0,0,0,0
489,Southern,Q,E,0,SVANVIK,0.202,1,1,169,1,16.351,1,5,0,1,17.697,1,5,148,1,13.842
490,Northern,Q,G,0,SVANVIK,0.045,0,0,0,0,0,0,0,0,0,0,0,0,0,0,0
491,Northern,Q,H,0,SVANVIK,0.614,0,0,0,1,1.086,0,0,0,0,0,0,0,0,0,0
492,Southern,Q,E,0,SVANVIK,0.184,0,0,0,0,0,0,0,0,0,0,0,0,0,0,0
493,Northern,Q,F,0,SVANVIK,0.272,0,0,0,0,0,0,0,0,0,0,0,0,0,0,0
494,Northern,Q,H,0,SVANVIK,0.051,0,0,0,0,0,0,0,0,0,0,0,0,0,0,0
495,Northern,Q,F,0,SVANVIK,0.097,0,0,0,0,0,0,0,0,0,0,0,0,0,0,0
496,Southern,Q,E,0,SVANVIK,0.287,1,1,169,1,5.777,1,6,0,1,0,1,14,148,1,12.361
497,Northern,Q,H,0,SVANVIK,0.213,0,0,0,0,0,0,0,0,0,0,0,0,0,0,0
498,Southern,Q,B,0,SVANVIK,0.279,1,2,162,1,4.193,1,2,0,1,8.371,0,0,0,1,1.023
499,Southern,Q,C,0,SVANVIK,0.235,1,2,162,1,0,1,3,0,1,9.9,1,1,151,1,6.265
500,Northern,Q,F,0,SVANVIK,0.104,0,0,0,0,0,0,0,0,0,0,0,0,0,0,0
501,Southern,Q,B,0,SVANVIK,0.277,1,2,162,1,5.983,1,3,0,1,10.383,1,1,155,1,14.667
502,Southern,Q,C,0,SVANVIK,0.186,0,0,0,0,0,0,0,0,0,0,0,0,0,0,0
503,Southern,Q,E,0,SVANVIK,0.127,0,0,0,1,1.898,0,0,0,1,0.764,0,0,0,1,2.916
504,Southern,Q,B,0,SVANVIK,0.236,0,0,0,1,0.574,0,0,0,1,0.847,0,0,0,1,1.534
505,Northern,Q,H,0,SVANVIK,0.45,0,0,0,1,2.337,0,0,0,1,0.879,0,0,0,0,0
506,Southern,Q,B,0,SVANVIK,0.243,0,0,0,0,0,0,0,0,0,0,0,0,0,0,0
507,Northern,Q,F,0,SVANVIK,0.435,0,0,0,0,0,0,0,0,0,0,0,0,0,0,0
508,Southern,Q,C,0,SVANVIK,0.308,1,2,162,1,7.986,1,5,0,1,7.47,1,6,147,1,0.558
509,Southern,Q,E,0,SVANVIK,0.304,0,0,0,1,2.183,0,0,0,1,4.369,1,2,148,1,0.833
510,Northern,Q,G,0,SVANVIK,0.552,0,0,0,1,8.385,1,9,0,1,11.332,1,6,148,1,2.576
511,Northern,R,G,0,SVANVIK,0.336,0,0,0,0,0,0,0,0,0,0,0,0,0,0,0
512,Southern,R,B,0,SVANVIK,0.149,0,0,0,0,0,0,0,0,0,0,0,0,0,0,0
513,Southern,R,C,0,SVANVIK,0.069,0,0,0,0,0,0,0,0,0,0,0,0,0,0,0
514,Northern,R,G,0,SVANVIK,0.429,0,0,0,1,0.481,0,0,0,0,0,0,0,0,0,0
515,Southern,R,C,0,SVANVIK,0.096,0,0,0,1,1.852,0,0,0,1,0.169,0,0,0,0,0
516,Northern,R,F,0,SVANVIK,0.689,0,0,0,0,0,0,0,0,0,0,0,0,0,0,0
517,Northern,R,G,0,SVANVIK,0.097,0,0,0,0,0,0,0,0,0,0,0,0,0,0,0
518,Southern,R,E,0,SVANVIK,1.136,0,0,0,1,2.645,1,2,173,1,2.152,1,2,155,1,1.096
519,Southern,R,B,0,SVANVIK,0.108,0,0,0,1,0.186,0,0,0,0,0,0,0,0,0,0
520,Southern,R,C,0,SVANVIK,0.112,0,0,0,1,4.129,1,3,169,1,1.54,1,2,155,1,0.856
521,Northern,R,H,0,SVANVIK,0.107,0,0,0,0,0,0,0,0,0,0,0,0,0,0,0
522,Northern,R,G,0,SVANVIK,0.466,0,0,0,1,0.96,0,0,0,0,0,0,0,0,0,0
523,Southern,R,E,0,SVANVIK,0.56,1,3,155,1,27.797,1,3,173,1,5.747,1,2,151,1,2.646
524,Northern,R,F,0,SVANVIK,0.475,0,0,0,1,0,0,0,0,1,0,0,0,0,1,1.101
525,Southern,R,E,0,SVANVIK,0.41,0,0,0,1,5.979,1,3,169,1,3.339,0,0,0,1,3.392
526,Northern,R,H,0,SVANVIK,0.108,0,0,0,1,2.049,0,0,0,0,0,0,0,0,0,0
527,Northern,R,F,0,SVANVIK,0.307,0,0,0,0,0,0,0,0,0,0,0,0,0,0,0
528,Southern,R,E,0,SVANVIK,0.938,0,0,0,1,16.223,1,4,163,1,7.835,1,8,151,1,2.821
529,Southern,R,E,0,SVANVIK,0.479,1,3,155,1,12.334,1,7,159,1,7.286,1,1,151,1,5.217
530,Southern,R,B,0,SVANVIK,0.203,0,0,0,1,4.454,0,0,0,0,0,0,0,0,0,0
531,Northern,R,F,0,SVANVIK,0.088,0,0,0,0,0,0,0,0,0,0,0,0,0,0,0
532,Southern,R,B,0,SVANVIK,0.162,0,0,0,1,1.905,0,0,0,1,6.12,0,0,0,0,0
533,Southern,R,C,0,SVANVIK,1.292,0,0,0,0,0,0,0,0,0,0,0,0,0,0,0
534,Northern,R,H,0,SVANVIK,0.753,0,0,0,0,0,0,0,0,0,0,0,0,0,0,0
535,Southern,R,E,0,SVANVIK,0.025,0,0,0,0,0,0,0,0,0,0,0,0,0,0,0
536,Northern,R,G,0,SVANVIK,0.909,0,0,0,1,1.916,0,0,0,0,0,0,0,0,0,0
537,Southern,R,C,0,SVANVIK,0.239,0,0,0,1,19.427,1,2,169,1,6.998,1,4,152,1,5.871
538,Northern,R,F,0,SVANVIK,0.148,0,0,0,0,0,0,0,0,0,0,0,0,0,0,0
539,Northern,R,H,0,SVANVIK,0.097,0,0,0,1,0.306,0,0,0,1,0.736,0,0,0,0,0
540,Northern,R,H,0,SVANVIK,0.188,0,0,0,0,0,0,0,0,0,0,0,0,0,0,0
